5797,Question: Tell me a bio of Lanny Flaherty.
5798,Question: Tell me a bio of Marianne McAndrew.
5799,Question: Tell me a bio of Chaim Malinowitz.
5800,Question: Tell me a bio of Doug Sheehan.
5801,Question: Tell me a bio of Gerhard Fischer (inventor).
5802,Question: Tell me a bio of Chief Jones.
5803,Question: Tell me a bio of Focus....
5804,Question: Tell me a bio of Joey D. Vieira.
5805,Question: Tell me a bio of Taral Hicks.
5806,Question: Tell me a bio of Lees Knowles.
5807,Question: Tell me a bio of Carolina Portesi Peroni.
5808,Question: Tell me a bio of Quintus Sosius Senecio.
5809,Question: Tell me a bio of Joeri Adams.
5810,Question: Tell me a bio of Dominic King.
5811,Question: Tell me a bio of Vincenzo Tusa.
5812,Question: Tell me a bio of Jean Daullé.
5813,Question: Tell me a bio of Richard Burkewood Welbourn.
5814,Question: Tell me a bio of Damir Memović.
5815,Question: Tell me a bio of María Elena Medina-Mora Icaza.
5816,Question: Tell me a bio of Hesham Nazih.
5817,Question: Tell me a bio of Luis Guillermo Rivera.
5818,Question: Tell me a bio of Desmond Luke.
5819,Question: Tell me a bio of Miguel Díaz (baseball).
5820,Question: Tell me a bio of Roxana Díaz (athlete).
5821,"Question: Tell me a bio of Fernando (footballer, born 1984)."
5822,Question: Tell me a bio of Gerardo Fernandez Fe.
5823,Question: Tell me a bio of Augusto Martínez Sánchez.
5824,Question: Tell me a bio of Sharad Kumar (athlete).
5825,Question: Tell me a bio of Ko Itakura.
5826,Question: Tell me a bio of Besant Ravi.
5827,Question: Tell me a bio of Thomas Houghton (rugby league).
5828,Question: Tell me a bio of Katsunosuke Hori.
5829,Question: Tell me a bio of Ra Jong-yil.
5830,Question: Tell me a bio of Song Kang.
5831,Question: Tell me a bio of Rin Iwanaga.
5832,Question: Tell me a bio of Keita Kadokura.
5833,Question: Tell me a bio of Lily Branscombe.
5834,Question: Tell me a bio of Luis N. Rivera-Pagán.
5835,Question: Tell me a bio of Jesse Foppert.
5836,Question: Tell me a bio of Mike Trivisonno.
5837,Question: Tell me a bio of Zelma Wilson.
5838,Question: Tell me a bio of Michael Valpy.
5839,Question: Tell me a bio of Prince Rivers.
5840,Question: Tell me a bio of John Estes.
5841,Question: Tell me a bio of Eric Hacker.
5842,Question: Tell me a bio of Alma Katsu.
5843,Question: Tell me a bio of Carlos Alfonso.
5844,"Question: Tell me a bio of Rennie Fritchie, Baroness Fritchie."
5845,Question: Tell me a bio of Daniel Charles.
5846,Question: Tell me a bio of Zamfir Arbore.
5847,Question: Tell me a bio of Kourosh Zolani.
5848,Question: Tell me a bio of Marie Alexandrine Becker.
5849,Question: Tell me a bio of Francesco Mimbelli.
5850,Question: Tell me a bio of Frederick Howard Taylor.
5851,Question: Tell me a bio of Bella Akhmadulina.
5852,Question: Tell me a bio of Lewis Nkosi.
5853,Question: Tell me a bio of Samuel Oboh.
5854,Question: Tell me a bio of Idriss Ngari.
5855,Question: Tell me a bio of Regina Martínez Pérez.
5856,Question: Tell me a bio of Baltasar Corrada del Río.
5857,Question: Tell me a bio of Manuel Salazar (footballer).
5858,Question: Tell me a bio of Malcolm Hedding.
5859,Question: Tell me a bio of Antonio Gasalla.
5860,Question: Tell me a bio of Gonzalo Fonseca.
5861,Question: Tell me a bio of Hibo Wardere.
5862,Question: Tell me a bio of Toyoko Tokiwa.
5863,Question: Tell me a bio of Shayne Neumann.
5864,Question: Tell me a bio of Matthew Tukaki.
5865,Question: Tell me a bio of Wahida Prism Khan.
5866,Question: Tell me a bio of Antonio Diaz (Filipino politician).
5867,Question: Tell me a bio of Ben Lummis.
5868,Question: Tell me a bio of Siti Rahmah Kassim.
5869,Question: Tell me a bio of Nisar Ahmad Kakru.
5870,Question: Tell me a bio of Jagan.
5871,Question: Tell me a bio of Don Featherstone (artist).
5872,Question: Tell me a bio of Travis Oliphant.
5873,Question: Tell me a bio of Julia Faye.
5874,Question: Tell me a bio of Kim Burrell.
5875,Question: Tell me a bio of Craig Morton.
5876,Question: Tell me a bio of Virginia Valli.
5877,Question: Tell me a bio of William Post.
5878,Question: Tell me a bio of Rob Furlong.
5879,Question: Tell me a bio of Milton Diamond.
5880,Question: Tell me a bio of Fran Unsworth.
5881,"Question: Tell me a bio of Robert Smith, Baron Smith of Kelvin."
5882,Question: Tell me a bio of Sian Massey-Ellis.
5883,Question: Tell me a bio of Paul O'Neill (racing driver).
5884,"Question: Tell me a bio of William Waldegrave, Baron Waldegrave of North Hill."
5885,Question: Tell me a bio of Alexandre Guilmant.
5886,Question: Tell me a bio of Oliver Letwin.
5887,Question: Tell me a bio of Terence Blacker.
5888,Question: Tell me a bio of Alberto Malesani.
5889,Question: Tell me a bio of Jessica Barboza.
5890,Question: Tell me a bio of Andreas Kisser.
5891,Question: Tell me a bio of Ramesses IV.
5892,Question: Tell me a bio of Scientist (musician).
5893,Question: Tell me a bio of Daniel Carvalho.
5894,Question: Tell me a bio of Waruhiu Itote.
5895,Question: Tell me a bio of Henry Santos.
5896,Question: Tell me a bio of Martín Lousteau.
5897,Question: Tell me a bio of Florencia Bertotti.
5898,Question: Tell me a bio of Jonathan Haagensen.
5899,Question: Tell me a bio of Ylona Garcia.
5900,Question: Tell me a bio of Kerser.
5901,Question: Tell me a bio of Shashank Manohar.
5902,Question: Tell me a bio of Emmett Skilton.
5903,Question: Tell me a bio of Samantha Ruth Prabhu.
5904,Question: Tell me a bio of Botak Chin.
5905,Question: Tell me a bio of Kim Casali.
5906,Question: Tell me a bio of Takeo Miki.
5907,Question: Tell me a bio of Chris Cheney.
5908,Question: Tell me a bio of Owen Wright (surfer).
5909,Question: Tell me a bio of Jonathan Tucker.
5910,Question: Tell me a bio of Anna May Wong.
5911,Question: Tell me a bio of Mitzi Gaynor.
5912,Question: Tell me a bio of Sara Paxton.
5913,Question: Tell me a bio of Waka Flocka Flame.
5914,Question: Tell me a bio of Andrew Shue.
5915,Question: Tell me a bio of James B. Donovan.
5916,Question: Tell me a bio of George Cukor.
5917,Question: Tell me a bio of Darrius Heyward-Bey.
5918,Question: Tell me a bio of António de Oliveira Salazar.
5919,Question: Tell me a bio of Shahnaz Pahlavi.
5920,Question: Tell me a bio of Egon Krenz.
5921,Question: Tell me a bio of Vaira Vīķe-Freiberga.
5922,Question: Tell me a bio of Heinrich Harrer.
5923,Question: Tell me a bio of Annika Sörenstam.
5924,Question: Tell me a bio of Daniel Dubois (boxer).
5925,Question: Tell me a bio of Robert Louis Stevenson.
5926,Question: Tell me a bio of Glover Teixeira.
5927,Question: Tell me a bio of Garrincha.
5928,Question: Tell me a bio of Gabriela Sabatini.
5929,Question: Tell me a bio of José Sánchez del Río.
5930,Question: Tell me a bio of Abdou Diallo.
5931,Question: Tell me a bio of Paul Kruger.
5932,Question: Tell me a bio of Beenie Man.
5933,Question: Tell me a bio of Roberto Clemente.
5934,Question: Tell me a bio of Gilberto Silva.
5935,Question: Tell me a bio of Sajid Nadiadwala.
5936,Question: Tell me a bio of Ram Gopal Varma.
5937,Question: Tell me a bio of Maneka Gandhi.
5938,Question: Tell me a bio of David Wenham.
5939,Question: Tell me a bio of Jimmy Bartel.
5940,Question: Tell me a bio of Wendy (singer).
5941,Question: Tell me a bio of Cha Seung-won.
5942,Question: Tell me a bio of Kyu Sakamoto.
5943,Question: Tell me a bio of Kang Ji-hwan.
5944,Question: Tell me a bio of Lauren London.
5945,Question: Tell me a bio of Harrison Ford.
5946,Question: Tell me a bio of Nikki Sixx.
5947,Question: Tell me a bio of Kyra Sedgwick.
5948,Question: Tell me a bio of James Taylor.
5949,Question: Tell me a bio of Chadwick Boseman.
5950,Question: Tell me a bio of Eliza Dushku.
5951,Question: Tell me a bio of Bridget Moynahan.
5952,Question: Tell me a bio of Errol Flynn.
5953,Question: Tell me a bio of Osama bin Laden.
5954,Question: Tell me a bio of Jack Leach.
5955,Question: Tell me a bio of Adil Rami.
5956,Question: Tell me a bio of Kalki Koechlin.
5957,Question: Tell me a bio of Vanessa Kirby.
5958,Question: Tell me a bio of Liam Payne.
5959,Question: Tell me a bio of Elsa Pataky.
5960,Question: Tell me a bio of Carlos Santana.
5961,Question: Tell me a bio of Tiffany Haddish.
5962,Question: Tell me a bio of Lina Medina.
5963,Question: Tell me a bio of Jidenna.
5964,Question: Tell me a bio of Mauro Icardi.
5965,Question: Tell me a bio of Mohamed Salah.
5966,Question: Tell me a bio of Canelo Álvarez.
5967,Question: Tell me a bio of Ronaldo (Brazilian footballer).
5968,Question: Tell me a bio of Lua Blanco.
5969,Question: Tell me a bio of Roselyn Sánchez.
5970,Question: Tell me a bio of Toru Muranishi.
5971,Question: Tell me a bio of Teresa Palmer.
5972,Question: Tell me a bio of Anushka Sharma.
5973,Question: Tell me a bio of Rakhi Sawant.
5974,Question: Tell me a bio of IU (singer).
5975,Question: Tell me a bio of Taika Waititi.
5976,Question: Tell me a bio of Kang Daniel.
5977,Question: Tell me a bio of Tim Fischer.
5978,Question: Tell me a bio of Ji Sung.
5979,Question: Tell me a bio of Dacre Montgomery.
5980,Question: Tell me a bio of Jessie Mae Brown Beavers.
5981,Question: Tell me a bio of Billy Conigliaro.
5982,Question: Tell me a bio of Joseph A. Lopez.
5983,Question: Tell me a bio of Patrick Merrill.
5984,Question: Tell me a bio of Maxime Masson.
5985,Question: Tell me a bio of Daniel Alexander Cameron.
5986,Question: Tell me a bio of Serena Tideman.
5987,Question: Tell me a bio of Margaret Rose Vendryes.
5988,Question: Tell me a bio of Lemuel W. Joiner.
5989,Question: Tell me a bio of Blair Tugman.
5990,Question: Tell me a bio of Patricia Cladis.
5991,Question: Tell me a bio of Jimmy Tompkins (priest).
5992,Question: Tell me a bio of Alexander Vovin.
5993,Question: Tell me a bio of Krystyna Szczepańska.
5994,Question: Tell me a bio of Jeffrey Viggiano.
5995,Question: Tell me a bio of Earl Garrison.
5996,Question: Tell me a bio of Maggie Cogan.
5997,Question: Tell me a bio of Albert Outler.
5998,Question: Tell me a bio of Meg Thalken.
5999,Question: Tell me a bio of Rigoberto Torres.
6000,Question: Tell me a bio of Shane Fontayne.
6001,Question: Tell me a bio of Michael H. Schneider Sr..
6002,Question: Tell me a bio of Kion Smith.
6003,Question: Tell me a bio of Joseph Michael Linsner.
6004,Question: Tell me a bio of Charles Allen (jurist).
6005,Question: Tell me a bio of Richie Dorman.
6006,Question: Tell me a bio of Dana Awartani.
6007,Question: Tell me a bio of Carol Chell.
6008,Question: Tell me a bio of Avraham Eilam-Amzallag.
6009,Question: Tell me a bio of Tom Buk-Swienty.
6010,Question: Tell me a bio of Settimo Mineo.
6011,Question: Tell me a bio of Klaudia Kaczorowska.
6012,Question: Tell me a bio of Raffaele Maiello.
6013,Question: Tell me a bio of Martha Cunz.
6014,Question: Tell me a bio of Mattias Asper.
6015,Question: Tell me a bio of Rory Tapner.
6016,Question: Tell me a bio of Maja Jager.
6017,Question: Tell me a bio of Angela Bairstow.
6018,Question: Tell me a bio of Abdul Ilah Khatib.
6019,Question: Tell me a bio of Dennis Andersson.
6020,Question: Tell me a bio of Camille Paulus.
6021,Question: Tell me a bio of Michael Folorunsho.
6022,Question: Tell me a bio of Hiren Gohain.
6023,Question: Tell me a bio of Evgeny Shalunov.
6024,Question: Tell me a bio of Felix Newman.
6025,Question: Tell me a bio of G. Fowler Stewart.
6026,Question: Tell me a bio of Johann Christian von Engel.
6027,Question: Tell me a bio of Balázs Bekő.
6028,Question: Tell me a bio of David Bogue.
6029,Question: Tell me a bio of Grayston Burgess.
6030,Question: Tell me a bio of Braulio Lara.
6031,Question: Tell me a bio of Theophilus Annorbaah.
6032,Question: Tell me a bio of Dominique Blake.
6033,Question: Tell me a bio of Pablo Ganet.
6034,"Question: Tell me a bio of João Lucas (footballer, born 1991)."
6035,Question: Tell me a bio of Josiah Maduabuchi.
6036,Question: Tell me a bio of Esteban Espíndola.
6037,Question: Tell me a bio of Nancy Onyango.
6038,Question: Tell me a bio of Salome Maswime.
6039,Question: Tell me a bio of Christian Almeida.
6040,Question: Tell me a bio of León Dujovne.
6041,Question: Tell me a bio of Francisco Urroz.
6042,Question: Tell me a bio of Rui Campos.
6043,Question: Tell me a bio of Flavio Méndez Santiago.
6044,Question: Tell me a bio of Édgar Iván López.
6045,"Question: Tell me a bio of Felipe (footballer, born 1977)."
6046,Question: Tell me a bio of Mateo Correa Magallanes.
6047,Question: Tell me a bio of Ana Cláudia Bolzan.
6048,Question: Tell me a bio of Tarik Marzouk.
6049,Question: Tell me a bio of Ariel Behar.
6050,Question: Tell me a bio of Robin del Castillo.
6051,Question: Tell me a bio of Abdelhamid Shabana.
6052,Question: Tell me a bio of Zié Ouattara.
6053,Question: Tell me a bio of Juan Nepomucino Goetz.
6054,Question: Tell me a bio of Lodewicus du Plessis.
6055,Question: Tell me a bio of Worranit Thawornwong.
6056,Question: Tell me a bio of Muhammad Alhamid.
6057,Question: Tell me a bio of Profit (gamer).
6058,Question: Tell me a bio of Enamul Haque (engineer).
6059,Question: Tell me a bio of Rangi Te Kanawa.
6060,Question: Tell me a bio of R. Selvaraj (politician).
6061,Question: Tell me a bio of Sayuri Yamauchi.
6062,Question: Tell me a bio of Shin Jea-hwan.
6063,Question: Tell me a bio of Leo Kokubo.
6064,Question: Tell me a bio of Neha Sargam.
6065,Question: Tell me a bio of Sandra Pisani.
6066,Question: Tell me a bio of Harry Cave.
6067,Question: Tell me a bio of Noel Malicdem.
6068,Question: Tell me a bio of Sayaka Ando.
6069,Question: Tell me a bio of Tappaya Sit-Or.
6070,Question: Tell me a bio of Annie Landouw.
6071,Question: Tell me a bio of Nuh Omar.
6072,Question: Tell me a bio of Date Narikuni.
6073,Question: Tell me a bio of Loo Kum Zee.
6074,Question: Tell me a bio of Ushoshi Sengupta.
6075,Question: Tell me a bio of Stephen J. Mackwell.
6076,Question: Tell me a bio of Muhammad Al-Hafiz.
6077,Question: Tell me a bio of Nobuhiro Shimatani.
6078,Question: Tell me a bio of Umika Kawashima.
6079,Question: Tell me a bio of Sun Wenguang.
6080,Question: Tell me a bio of Wil Nieves.
6081,Question: Tell me a bio of Robert Guthrie.
6082,Question: Tell me a bio of Ernestine Eckstein.
6083,Question: Tell me a bio of Sheldon T. Mills.
6084,Question: Tell me a bio of W. Clark Still.
6085,Question: Tell me a bio of Jonathan Roy.
6086,Question: Tell me a bio of Jimmy Weldon.
6087,Question: Tell me a bio of William M. Brodhead.
6088,Question: Tell me a bio of Kelli White.
6089,Question: Tell me a bio of John Morris (curler).
6090,Question: Tell me a bio of William G. Angel.
6091,Question: Tell me a bio of Andy Middleton.
6092,Question: Tell me a bio of Benjamin Lawrence Reid.
6093,Question: Tell me a bio of David Galloway (writer).
6094,Question: Tell me a bio of Stan Marple.
6095,Question: Tell me a bio of Caitlin Lowe.
6096,Question: Tell me a bio of Maddy Crippen.
6097,Question: Tell me a bio of John Counter.
6098,Question: Tell me a bio of Jeffrey Satinover.
6099,Question: Tell me a bio of DeAnna Bennett.
6100,Question: Tell me a bio of Emcee N.I.C.E..
6101,Question: Tell me a bio of Karyn Pugliese.
6102,Question: Tell me a bio of Michael L. MacDonald.
6103,Question: Tell me a bio of Ingo Titze.
6104,Question: Tell me a bio of Kathleen A. McGrath.
6105,Question: Tell me a bio of Sergei Bodrov.
6106,Question: Tell me a bio of Diana Ivanova.
6107,Question: Tell me a bio of Arthur Ewert.
6108,Question: Tell me a bio of Sami Shalom Chetrit.
6109,Question: Tell me a bio of Robbie Horgan.
6110,Question: Tell me a bio of Tanel Ingi.
6111,Question: Tell me a bio of Joseph Jaquet.
6112,Question: Tell me a bio of Alen Omić.
6113,Question: Tell me a bio of James Theodore Bent.
6114,Question: Tell me a bio of Karl Eliasberg.
6115,Question: Tell me a bio of F. Gwynplaine MacIntyre.
6116,Question: Tell me a bio of Carl Braun (obstetrician).
6117,Question: Tell me a bio of Generoso Rossi.
6118,Question: Tell me a bio of Kathinka Pasveer.
6119,Question: Tell me a bio of Yordanka Donkova.
6120,Question: Tell me a bio of Arthur Wakefield.
6121,Question: Tell me a bio of Felician of Foligno.
6122,Question: Tell me a bio of Neil Sinclair.
6123,Question: Tell me a bio of Jake Tilson.
6124,Question: Tell me a bio of Neil Googe.
6125,Question: Tell me a bio of Francis Nicholson (painter).
6126,Question: Tell me a bio of Chris Duffield.
6127,Question: Tell me a bio of Aert van der Neer.
6128,Question: Tell me a bio of Michael Coulson (barrister).
6129,Question: Tell me a bio of Ruth Fischer.
6130,Question: Tell me a bio of Ameyaw Debrah.
6131,Question: Tell me a bio of Félix María Zuloaga.
6132,Question: Tell me a bio of Ahmed Mumin Warfa.
6133,Question: Tell me a bio of Geraldo de Barros.
6134,Question: Tell me a bio of Marcel Hernández.
6135,Question: Tell me a bio of Zewde Gebre-Sellassie.
6136,Question: Tell me a bio of Mohamed Abdi Mohamed.
6137,Question: Tell me a bio of Shaolin (humorist).
6138,Question: Tell me a bio of Jesse Chacón.
6139,Question: Tell me a bio of Abdullahi Mohammad Ahmad Hassan.
6140,Question: Tell me a bio of Roxana Miranda.
6141,Question: Tell me a bio of Chacho Gaytán.
6142,Question: Tell me a bio of Fernando da Costa Novaes.
6143,Question: Tell me a bio of Flávio Rocha.
6144,Question: Tell me a bio of Santiago Vergini.
6145,Question: Tell me a bio of Alexandre Hohagen.
6146,Question: Tell me a bio of Ivan Toms.
6147,Question: Tell me a bio of Abdul Halik Hudu.
6148,Question: Tell me a bio of José Hernández Delgadillo.
6149,Question: Tell me a bio of David Oyite-Ojok.
6150,Question: Tell me a bio of Stephanus Swart.
6151,Question: Tell me a bio of Amr Shabana.
6152,Question: Tell me a bio of Vanda Pignato.
6153,Question: Tell me a bio of Lou Briel.
6154,Question: Tell me a bio of Diego Suarez (garden designer).
6155,Question: Tell me a bio of Haruto Takahashi.
6156,Question: Tell me a bio of Karni Liddell.
6157,Question: Tell me a bio of Douglas Wood (engineer).
6158,Question: Tell me a bio of Aditya Kalyanpur.
6159,Question: Tell me a bio of D. B. Nihalsinghe.
6160,Question: Tell me a bio of Yehuda Lindell.
6161,Question: Tell me a bio of Ted Mack (politician).
6162,Question: Tell me a bio of Phillip Gillespie.
6163,Question: Tell me a bio of Shigeru Fukudome.
6164,Question: Tell me a bio of Akbar Hossain.
6165,Question: Tell me a bio of Zhang Yaokun.
6166,Question: Tell me a bio of Steve Cummins.
6167,Question: Tell me a bio of Kubota Beisen.
6168,Question: Tell me a bio of Marty Mayberry.
6169,Question: Tell me a bio of Thirayuth Boonmee.
6170,Question: Tell me a bio of Bir Hambir.
6171,Question: Tell me a bio of Jashubhai Dhanabhai Barad.
6172,Question: Tell me a bio of Namita Gokhale.
6173,Question: Tell me a bio of Nonzee Nimibutr.
6174,Question: Tell me a bio of Mamunul Islam.
6175,Question: Tell me a bio of Khalid Mahmood Mithu.
6176,Question: Tell me a bio of Ahsee Tuala.
6177,Question: Tell me a bio of Ramkumar Mukhopadhyay.
6178,Question: Tell me a bio of Alf Garland.
6179,Question: Tell me a bio of Don Beard.
6180,Question: Tell me a bio of Edgar Bennett.
6181,Question: Tell me a bio of Matt Hunter (singer).
6182,Question: Tell me a bio of Naz Mitrou-Long.
6183,Question: Tell me a bio of Jeff Long (athletic director).
6184,Question: Tell me a bio of Lennie Hayton.
6185,Question: Tell me a bio of Marli Renfro.
6186,Question: Tell me a bio of Charmion King.
6187,Question: Tell me a bio of Imbolo Mbue.
6188,Question: Tell me a bio of Virginia Christine.
6189,Question: Tell me a bio of Sada Thompson.
6190,Question: Tell me a bio of Jean Muir (actress).
6191,Question: Tell me a bio of Cierre Wood.
6192,Question: Tell me a bio of Jan-Michael Gambill.
6193,Question: Tell me a bio of Ryan Brasier.
6194,Question: Tell me a bio of Mark Murphy (singer).
6195,Question: Tell me a bio of Jennifer Paz.
6196,Question: Tell me a bio of Bobby Thomson.
6197,Question: Tell me a bio of Jefferson Thomas.
6198,Question: Tell me a bio of Mike Melvill.
6199,Question: Tell me a bio of George Eacker.
6200,Question: Tell me a bio of Jeff Beukeboom.
6201,Question: Tell me a bio of Mindy Smith.
6202,Question: Tell me a bio of Deitrick Haddon.
6203,Question: Tell me a bio of Joe McGinniss.
6204,Question: Tell me a bio of Ted Thompson.
6205,Question: Tell me a bio of Roman Šebrle.
6206,Question: Tell me a bio of Giorgi Papunashvili.
6207,Question: Tell me a bio of André Le Nôtre.
6208,Question: Tell me a bio of Roman Pavlyuchenko.
6209,Question: Tell me a bio of Alice Torriani.
6210,Question: Tell me a bio of Michael Goleniewski.
6211,Question: Tell me a bio of James Tyrrell.
6212,Question: Tell me a bio of John Atkinson Grimshaw.
6213,Question: Tell me a bio of Celâl Bayar.
6214,Question: Tell me a bio of Jan Zamoyski.
6215,Question: Tell me a bio of Ki Fitzgerald.
6216,Question: Tell me a bio of Witold Gombrowicz.
6217,Question: Tell me a bio of Andreea Marin.
6218,Question: Tell me a bio of Phil Vickery (rugby union).
6219,Question: Tell me a bio of Frank Middlemass.
6220,Question: Tell me a bio of Andreas Ivanschitz.
6221,"Question: Tell me a bio of Tracy Somerset, Duchess of Beaufort."
6222,Question: Tell me a bio of Elizabeth Inglis.
6223,Question: Tell me a bio of Mihai Eminescu.
6224,Question: Tell me a bio of Vujadin Savić.
6225,Question: Tell me a bio of Gubby Allen.
6226,Question: Tell me a bio of Bobo Baldé.
6227,Question: Tell me a bio of Julian Jarrold.
6228,Question: Tell me a bio of Vasily Chuikov.
6229,Question: Tell me a bio of Henryk Wieniawski.
6230,Question: Tell me a bio of Rory Byrne.
6231,Question: Tell me a bio of Patoranking.
6232,Question: Tell me a bio of Cobhams Asuquo.
6233,Question: Tell me a bio of Diafra Sakho.
6234,Question: Tell me a bio of Rosaline Elbay.
6235,Question: Tell me a bio of Sofiane Feghouli.
6236,Question: Tell me a bio of Danny Faure.
6237,Question: Tell me a bio of Jorge Enríquez.
6238,Question: Tell me a bio of Fuerza Guerrera.
6239,Question: Tell me a bio of Sila María Calderón.
6240,Question: Tell me a bio of Abdulqawi Yusuf.
6241,Question: Tell me a bio of Ezechiel N'Douassel.
6242,Question: Tell me a bio of Tarik Elyounoussi.
6243,Question: Tell me a bio of Deyverson.
6244,Question: Tell me a bio of Muhammad Qutb.
6245,Question: Tell me a bio of Fifi Cooper.
6246,Question: Tell me a bio of José Cardozo.
6247,Question: Tell me a bio of Lina Marulanda.
6248,Question: Tell me a bio of Zeca Pagodinho.
6249,Question: Tell me a bio of Blanca Errázuriz.
6250,Question: Tell me a bio of Diosdado Cabello.
6251,Question: Tell me a bio of Funke Abimbola.
6252,Question: Tell me a bio of Jennifer Maia.
6253,Question: Tell me a bio of María José (singer).
6254,Question: Tell me a bio of Will Voigt.
6255,Question: Tell me a bio of Josh Mansour.
6256,Question: Tell me a bio of Bhuma Nagi Reddy.
6257,Question: Tell me a bio of Billy Snedden.
6258,Question: Tell me a bio of Huang Xing.
6259,Question: Tell me a bio of Chi Pu.
6260,Question: Tell me a bio of Yuyan.
6261,Question: Tell me a bio of Minako Honda.
6262,Question: Tell me a bio of Tim Ferguson.
6263,Question: Tell me a bio of Yuu Watase.
6264,Question: Tell me a bio of Jennifer Sevilla.
6265,Question: Tell me a bio of Hu Qili.
6266,Question: Tell me a bio of Bhāskara I.
6267,Question: Tell me a bio of Ramli Sarip.
6268,Question: Tell me a bio of Antonio Leviste.
6269,Question: Tell me a bio of Sam Michael.
6270,Question: Tell me a bio of Robert Jennings (rugby league).
6271,Question: Tell me a bio of Hoshiar Singh Dahiya.
6272,Question: Tell me a bio of Dewi Sartika.
6273,Question: Tell me a bio of Chris John (boxer).
6274,Question: Tell me a bio of Rana Sanaullah.
6275,Question: Tell me a bio of Thomas Jack.
6276,Question: Tell me a bio of Jamie Cripps.
6277,Question: Tell me a bio of Fumiko Kaneko.
6278,Question: Tell me a bio of G. Venugopal.
6279,Question: Tell me a bio of Pogo (musician).
6280,Question: Tell me a bio of Brianna Keilar.
6281,Question: Tell me a bio of Kerwin Bell.
6282,Question: Tell me a bio of Tom Coburn.
6283,Question: Tell me a bio of Kari Matchett.
6284,Question: Tell me a bio of Clancy Brown.
6285,Question: Tell me a bio of Gary Woodland.
6286,Question: Tell me a bio of Bif Naked.
6287,Question: Tell me a bio of Michael Collins (astronaut).
6288,Question: Tell me a bio of Peter Gallagher.
6289,Question: Tell me a bio of Melvin Van Peebles.
6290,Question: Tell me a bio of Carol Dweck.
6291,Question: Tell me a bio of Lisa Ling.
6292,Question: Tell me a bio of Dana Ashbrook.
6293,Question: Tell me a bio of Nikole Hannah-Jones.
6294,Question: Tell me a bio of Don DeLillo.
6295,Question: Tell me a bio of Charles B. McVay III.
6296,Question: Tell me a bio of Stephen Miller (political advisor).
6297,Question: Tell me a bio of Shawn Ashmore.
6298,Question: Tell me a bio of Paul Anka.
6299,Question: Tell me a bio of Tacko Fall.
6300,Question: Tell me a bio of Phife Dawg.
6301,Question: Tell me a bio of Jose Canseco.
6302,Question: Tell me a bio of Carrie Ann Inaba.
6303,Question: Tell me a bio of Maurice Jones-Drew.
6304,Question: Tell me a bio of Raúl Esparza.
6305,Question: Tell me a bio of Tony Bellew.
6306,Question: Tell me a bio of Daniel Bedingfield.
6307,"Question: Tell me a bio of Prince Carl Philip, Duke of Värmland."
6308,Question: Tell me a bio of Chris Woakes.
6309,Question: Tell me a bio of Aleksandar Kolarov.
6310,Question: Tell me a bio of Thomas Piketty.
6311,Question: Tell me a bio of Cicero.
6312,Question: Tell me a bio of John Craven.
6313,Question: Tell me a bio of A. K. Ramanujan.
6314,Question: Tell me a bio of Riccardo Tisci.
6315,Question: Tell me a bio of Daniel Ek.
6316,Question: Tell me a bio of Jeremy Northam.
6317,Question: Tell me a bio of Charley Boorman.
6318,Question: Tell me a bio of Erich Hartmann.
6319,Question: Tell me a bio of Timothy Evans.
6320,Question: Tell me a bio of Levi Roots.
6321,Question: Tell me a bio of Andriy Yarmolenko.
6322,Question: Tell me a bio of Zubaira Tukhugov.
6323,Question: Tell me a bio of Gretl Braun.
6324,Question: Tell me a bio of Will Keane.
6325,Question: Tell me a bio of Cheyenne Brando.
6326,Question: Tell me a bio of Pratibha Patil.
6327,Question: Tell me a bio of Walter Model.
6328,Question: Tell me a bio of Belisarius.
6329,Question: Tell me a bio of Bastian Schweinsteiger.
6330,Question: Tell me a bio of Amr Diab.
6331,Question: Tell me a bio of Danny Almonte.
6332,Question: Tell me a bio of Lunay (singer).
6333,Question: Tell me a bio of Andry Rajoelina.
6334,Question: Tell me a bio of Joseph Kony.
6335,Question: Tell me a bio of Diego Godín.
6336,Question: Tell me a bio of Ayman al-Zawahiri.
6337,Question: Tell me a bio of Abraham Ancer.
6338,Question: Tell me a bio of Vicente Guerrero.
6339,Question: Tell me a bio of Asafa Powell.
6340,Question: Tell me a bio of Kevin Anderson (tennis).
6341,Question: Tell me a bio of Luiz Inácio Lula da Silva.
6342,Question: Tell me a bio of Vicente Carrillo Fuentes.
6343,Question: Tell me a bio of Jackson Martínez.
6344,Question: Tell me a bio of Sérgio Moraes.
6345,Question: Tell me a bio of Adel Emam.
6346,Question: Tell me a bio of Ian Khama.
6347,Question: Tell me a bio of Mike Adenuga.
6348,Question: Tell me a bio of Carlos Ghosn.
6349,Question: Tell me a bio of Lupe Vélez.
6350,Question: Tell me a bio of Cédric Bakambu.
6351,Question: Tell me a bio of Guillermo Rigondeaux.
6352,Question: Tell me a bio of Pablo Zabaleta.
6353,Question: Tell me a bio of Vadhir Derbez.
6354,Question: Tell me a bio of Lucas Boyé.
6355,Question: Tell me a bio of Gulshan Kumar.
6356,Question: Tell me a bio of Takuma Asano.
6357,Question: Tell me a bio of Rosé (singer).
6358,Question: Tell me a bio of Jemima Goldsmith.
6359,Question: Tell me a bio of Suthida.
6360,Question: Tell me a bio of Uee.
6361,Question: Tell me a bio of Mukesh (actor).
6362,Question: Tell me a bio of Samir Kochhar.
6363,Question: Tell me a bio of Maya Yoshida.
6364,Question: Tell me a bio of Gopi Sundar.
6365,Question: Tell me a bio of Vance Joy.
6366,Question: Tell me a bio of Pallavi Joshi.
6367,Question: Tell me a bio of Julie Bishop.
6368,Question: Tell me a bio of Vishal (actor).
6369,Question: Tell me a bio of Adnan Sami.
6370,Question: Tell me a bio of Grant Bowler.
6371,Question: Tell me a bio of Shoya Nakajima.
6372,Question: Tell me a bio of Ziaur Rahman.
6373,Question: Tell me a bio of Carlos P. Romulo.
6374,Question: Tell me a bio of Arif Mohammad Khan.
6375,Question: Tell me a bio of Fahadh Faasil.
6376,Question: Tell me a bio of Terrence Romeo.
6377,Question: Tell me a bio of Jo Koy.
6378,Question: Tell me a bio of Rii Sen.
6379,Question: Tell me a bio of Raghav Juyal.
6380,Question: Tell me a bio of John Forbes Nash Jr..
6381,Question: Tell me a bio of Ezekiel Elliott.
6382,Question: Tell me a bio of Rachel Bilson.
6383,Question: Tell me a bio of Susan Sarandon.
6384,Question: Tell me a bio of Liam Neeson.
6385,Question: Tell me a bio of Rachel Weisz.
6386,Question: Tell me a bio of Sage Stallone.
6387,Question: Tell me a bio of Alfred Hitchcock.
6388,Question: Tell me a bio of Bobby Fischer.
6389,Question: Tell me a bio of Joey Jordison.
6390,Question: Tell me a bio of Hayden Panettiere.
6391,Question: Tell me a bio of Matthew Perry.
6392,Question: Tell me a bio of Chris Cuomo.
6393,Question: Tell me a bio of Amelia Earhart.
6394,Question: Tell me a bio of Dr. Dre.
6395,Question: Tell me a bio of Quincy Jones.
6396,Question: Tell me a bio of Eric Winter.
6397,Question: Tell me a bio of George Washington.
6398,Question: Tell me a bio of Valerie Harper.
6399,Question: Tell me a bio of James Franco.
6400,Question: Tell me a bio of Katherine Ryan.
6401,Question: Tell me a bio of Ralph Macchio.
6402,Question: Tell me a bio of Rebecca Romijn.
6403,Question: Tell me a bio of Richard Kuklinski.
6404,Question: Tell me a bio of Aaron Burr.
6405,Question: Tell me a bio of Rory Burns.
6406,Question: Tell me a bio of Feroze Gandhi.
6407,Question: Tell me a bio of Jean-Claude Van Damme.
6408,Question: Tell me a bio of Daniil Medvedev.
6409,Question: Tell me a bio of Coco Chanel.
6410,Question: Tell me a bio of Henry VII of England.
6411,Question: Tell me a bio of Jamie Dornan.
6412,Question: Tell me a bio of Napoleon.
6413,Question: Tell me a bio of Jeremy Corbyn.
6414,Question: Tell me a bio of Radja Nainggolan.
6415,Question: Tell me a bio of Winston Churchill.
6416,Question: Tell me a bio of Ivan Perišić.
6417,Question: Tell me a bio of Kevin De Bruyne.
6418,Question: Tell me a bio of Gemma Arterton.
6419,Question: Tell me a bio of Irina Shayk.
6420,Question: Tell me a bio of Rafael Nadal.
6421,Question: Tell me a bio of Heinrich Himmler.
6422,Question: Tell me a bio of PewDiePie.
6423,Question: Tell me a bio of Jacques Cousteau.
6424,Question: Tell me a bio of Marcus Aurelius.
6425,Question: Tell me a bio of George VI.
6426,Question: Tell me a bio of Richard Burton.
6427,Question: Tell me a bio of Salt Bae.
6428,Question: Tell me a bio of Thierry Henry.
6429,Question: Tell me a bio of Vladimir Lenin.
6430,Question: Tell me a bio of Nelson Mandela.
6431,Question: Tell me a bio of Ricky Martin.
6432,Question: Tell me a bio of Trevor Noah.
6433,Question: Tell me a bio of Cris Cyborg.
6434,Question: Tell me a bio of Lionel Messi.
6435,Question: Tell me a bio of Ilhan Omar.
6436,Question: Tell me a bio of Dascha Polanco.
6437,Question: Tell me a bio of Kaká.
6438,Question: Tell me a bio of Fidel Castro.
6439,Question: Tell me a bio of Bob Marley.
6440,Question: Tell me a bio of Idi Amin.
6441,Question: Tell me a bio of Djimon Hounsou.
6442,Question: Tell me a bio of Stephanie Beatriz.
6443,Question: Tell me a bio of Miguel Ángel Félix Gallardo.
6444,Question: Tell me a bio of Shakira.
6445,Question: Tell me a bio of Philippe Coutinho.
6446,Question: Tell me a bio of Ronaldinho.
6447,Question: Tell me a bio of Anderson Silva.
6448,Question: Tell me a bio of Cleopatra.
6449,Question: Tell me a bio of Michael Douglas.
6450,Question: Tell me a bio of Franck Ribéry.
6451,Question: Tell me a bio of Lali Espósito.
6452,Question: Tell me a bio of Idris Elba.
6453,Question: Tell me a bio of Carmelo Anthony.
6454,Question: Tell me a bio of Griselda Blanco.
6455,Question: Tell me a bio of Kaoru Kuroki.
6456,Question: Tell me a bio of Isla Fisher.
6457,Question: Tell me a bio of Radhika Apte.
6458,Question: Tell me a bio of Manny Pacquiao.
6459,Question: Tell me a bio of Vicky Kaushal.
6460,Question: Tell me a bio of Karl Urban.
6461,Question: Tell me a bio of RM (rapper).
6462,Question: Tell me a bio of Xi Jinping.
6463,Question: Tell me a bio of Robert Whittaker (fighter).
6464,Question: Tell me a bio of Anurag Kashyap.
6465,Question: Tell me a bio of Vijay (actor).
6466,Question: Tell me a bio of Kajal Aggarwal.
6467,Question: Tell me a bio of Kiara Advani.
6468,Question: Tell me a bio of Muhammad Ali Jinnah.
6469,Question: Tell me a bio of Joel Edgerton.
6470,Question: Tell me a bio of Damon Herriman.
6471,Question: Tell me a bio of Rohit Sharma.
6472,Question: Tell me a bio of 14th Dalai Lama.
6473,Question: Tell me a bio of Ahn Jae-hyun.
6474,Question: Tell me a bio of Lokesh Kanagaraj.
6475,Question: Tell me a bio of Joji (musician).
6476,Question: Tell me a bio of Iggy Azalea.
6477,Question: Tell me a bio of Jackie Shroff.
6478,Question: Tell me a bio of Cha Eun-woo.
6479,Question: Tell me a bio of Nick Kyrgios.
